{
  "assetsByChunkName": {
    "component---src-pages-index-js": [
      "component---src-pages-index-js-54907c8c6ad6db9689a6.js",
      "component---src-pages-index-js-54907c8c6ad6db9689a6.js.map"
    ],
    "path---": [
      "path----557518bd178906f8d58a.js",
      "path----557518bd178906f8d58a.js.map"
    ],
    "component---src-layouts-index-js": [
      "component---src-layouts-index-js-9823db7c7016e7950bb6.js",
      "component---src-layouts-index-js-9823db7c7016e7950bb6.js.map"
    ],
    "path---page-2": [
      "path---page-2-a0e39f21c11f6a62c5ab.js",
      "path---page-2-a0e39f21c11f6a62c5ab.js.map"
    ],
    "path---index": [
      "path---index-a0e39f21c11f6a62c5ab.js",
      "path---index-a0e39f21c11f6a62c5ab.js.map"
    ],
    "component---src-pages-404-js": [
      "component---src-pages-404-js-4503918ea3a16cfcdb75.js",
      "component---src-pages-404-js-4503918ea3a16cfcdb75.js.map"
    ],
    "commons": [
      "commons-a5547848e027ee3baa81.js",
      "commons-a5547848e027ee3baa81.js.map"
    ],
    "path---404-html": [
      "path---404-html-a0e39f21c11f6a62c5ab.js",
      "path---404-html-a0e39f21c11f6a62c5ab.js.map"
    ],
    "component---src-pages-page-2-js": [
      "component---src-pages-page-2-js-65f0147ecb0dc4da2a2b.js",
      "component---src-pages-page-2-js-65f0147ecb0dc4da2a2b.js.map"
    ],
    "app": [
      "app-6a12cb1f0778a2e6456f.js",
      "app-6a12cb1f0778a2e6456f.js.map"
    ],
    "path---404": [
      "path---404-a0e39f21c11f6a62c5ab.js",
      "path---404-a0e39f21c11f6a62c5ab.js.map"
    ]
  }
}